{
  "portfolio": {
    "stock_03": 6,
    "stock_05": 3,
    "stock_06": 14,
    "stock_16": 1,
    "stock_20": 20,
    "stock_22": 3,
    "stock_23": 20,
    "stock_31": 13,
    "stock_41": 20
  },
  "return_rate": 0.037525362996829195,
  "variance": 0.0005656397326643408,
  "eval": {
    "mean": 0.041689626338956794,
    "std": 0.028181736831566107,
    "min": -0.02336205419518243,
    "max": 0.10965478118354305,
    "values": [
      0.00304353946802342,
      0.030069071940438903,
      0.03174843021400193,
      0.018357818698506556,
      0.020767984048269333,
      0.021458552163830788,
      0.013289385353411544,
      0.007781169023372806,
      0.005209725548472839,
      0.011315465160471223,
      0.009241916919320284,
      0.008020001113033408,
      0.02464264725765837,
      0.035340186241355626,
      0.03548913420963225,
      0.049784610681382374,
      0.06627774459338837,
      0.06054114695272514,
      0.05908134153461691,
      0.051514379193886406,
      0.049353277574558124,
      0.034246646632548707,
      0.0407266183175487,
      0.03836137727197283,
      0.03986691506351035,
      0.03247199724153509,
      0.030049108478060277,
      0.04382243597340965,
      0.03733964236746643,
      0.03570773718896739,
      0.04346790441661113,
      0.04506613988608964,
      0.040447694242934214,
      0.039637807987100086,
      0.043496155596963654,
      0.04900874752754839,
      0.056652237299435554,
      0.07515281364547319,
      0.07934798393981879,
      0.09587426142429711,
      0.0910133792985156,
      0.06605077328942754,
      0.056966405486881574,
      0.06260512956156311,
      0.06600817405736215,
      0.06862677114379762,
      0.0731716861127566,
      0.06022423909366435,
      0.06346426807719427,
      0.051657771591438986,
      0.04809191952158134,
      0.04512168190121001,
      0.04247830490631721,
      0.04795142043305935,
      0.05752174976101524,
      0.04248687642685539,
      0.02026609902604424,
      0.004135141178003276,
      -0.002218676961191404,
      -0.0170268012886435,
      -0.0006296607716702162,
      0.020066722745263554,
      0.02460452509118197,
      0.041296104171655176,
      0.038852755342562925,
      0.0522222344920781,
      0.04820578486968071,
      0.04631095443779931,
      0.03159011338653642,
      0.031066517441239953,
      0.031746489320042766,
      0.03870452966193375,
      0.03199865640497533,
      0.03631810342587058,
      0.04230442936121861,
      0.052746414996601335,
      0.06951275761542713,
      0.07459569620362161,
      0.07628755742284933,
      0.07820733568928909,
      0.06334477232907111,
      0.06427279509375564,
      0.0600094934629582,
      0.04923456698205994,
      0.037992302889216276,
      0.028746118955433466,
      0.045193639358648105,
      0.06106860155319488,
      0.08071443253271521,
      0.08295966559853007,
      0.08801835665809297,
      0.06803743042844994,
      0.07300380713589971,
      0.05693003966837169,
      0.03944071867861993,
      0.05359187311636168,
      0.04041828237717409,
      0.02552967312790152,
      0.02459587729483466,
      0.03412668787156647,
      0.03582577595120496,
      0.023959288699420725,
      0.02751871920315616,
      0.023643382972136646,
      0.03885414858836053,
      0.02211225903712038,
      -0.004936565282941812,
      -0.022185038463482562,
      -0.02336205419518243,
      -0.02000814528403318,
      -0.01615977706141227,
      -0.01734213747679262,
      -0.022147271995971596,
      -0.004895633577826121,
      0.004571368546195429,
      -0.015677280415963103,
      -0.019826602825756767,
      -0.006932198356735355,
      0.006030823490531741,
      -0.000980851316542613,
      0.008683775918925227,
      0.014857254135580571,
      0.013315777730741489,
      0.012954738606995666,
      0.003998716747078053,
      0.02311240911149703,
      0.03351446205929345,
      0.04062864145898095,
      0.03928588570602898,
      0.04621882718758598,
      0.03397544418198418,
      0.04671655920239329,
      0.04872696195994018,
      0.032628078467657785,
      0.02872832804044076,
      0.03511993132086293,
      0.039275633949164016,
      0.05032604572229826,
      0.048246811106676404,
      0.05838282017034221,
      0.05414131419782428,
      0.05867477481404024,
      0.05860480890610427,
      0.07146268482800856,
      0.07428050123811056,
      0.07870801068628477,
      0.09308028982814423,
      0.10315468626059726,
      0.09425120285211856,
      0.07698007019490197,
      0.07944656517060447,
      0.08401658411336357,
      0.08784660066058783,
      0.10114670389260512,
      0.10577369320779514,
      0.10666829776332043,
      0.10965478118354305,
      0.09186043105045724,
      0.08176152657735859,
      0.07162534668773304,
      0.061949845991236395,
      0.0665678000313547,
      0.05802371340115892,
      0.04475811549408007,
      0.04143338293039759,
      0.044456420061653776,
      0.03167586014220172,
      0.026962906264828165,
      0.028556154198343967,
      0.032330707888917246,
      0.03187457930840813,
      0.041197368610947104,
      0.039149673553353616,
      0.03383386736803111,
      0.030171088949605365,
      0.03065080595576687,
      0.031584575113722445,
      0.022712344673328944,
      0.027050208096273867,
      0.024389914415641097
    ]
  },
  "params": {
    "gamma": 20,
    "num_days": 20,
    "seed": 42
  }
}